{
	"jacob_bio":"This is a bio for Jacob Stair. It's entirely just a long winded thing where I just talk about how he is. He is a person--a *male* person. He is definitely not someone to mess with because he is going to go places. Places you can't even see. Places your mind can't even see. Like, you try to imagine it, but your brain gives you a 404 error. That's right, like a computer, which your brain can't even process. Good luck getting anywhere near where this kid is going to go. This has become a stream of consciousness thing, and I'm totally okay with that. I mean...it's just a temporary thing right?",
	"jacob_personality":["Morning", "Game Dev Lab", "Long Walks", "BBQ", "Gemini", "Banjo Tooie"],
	
	"cole_bio":"This is a bio for Cole Sprouse. It's entirely just a long winded thing where I just talk about how he is. He is a person--a *male* person. He is definitely not someone to mess with because he is going to go places. Places you can't even see. Places your mind can't even see. Like, you try to imagine it, but your brain gives you a 404 error. That's right, like a computer, which your brain can't even process. Good luck getting anywhere near where this kid is going to go. This has become a stream of consciousness thing, and I'm totally okay with that. I mean...it's just a temporary thing right?",
	"cole_personality":["Cole 1", "Cole 2", "Cole 3", "Cole 4", "Cole 5", "Cole 6"],
	
	"isabel_bio":"This is a bio for Isabel Milano. It's entirely just a long winded thing where I just talk about how he is. He is a person--a *male* person. He is definitely not someone to mess with because he is going to go places. Places you can't even see. Places your mind can't even see. Like, you try to imagine it, but your brain gives you a 404 error. That's right, like a computer, which your brain can't even process. Good luck getting anywhere near where this kid is going to go. This has become a stream of consciousness thing, and I'm totally okay with that. I mean...it's just a temporary thing right?",
	"isabel_personality":["Isabel 1", "Isabel 2", "Isabel 3", "Isabel 4", "Isabel 5", "Isabel 6"],
	
	"veronica_bio":"This is a bio for Veronica Morenas. It's entirely just a long winded thing where I just talk about how he is. He is a person--a *male* person. He is definitely not someone to mess with because he is going to go places. Places you can't even see. Places your mind can't even see. Like, you try to imagine it, but your brain gives you a 404 error. That's right, like a computer, which your brain can't even process. Good luck getting anywhere near where this kid is going to go. This has become a stream of consciousness thing, and I'm totally okay with that. I mean...it's just a temporary thing right?",
	"veronica_personality":["Veronica 1", "Veronica 2", "Veronica 3", "Veronica 4", "Veronica 5", "Veronica 6"],
	
	"ryan_bio":"This is a bio for Ryan Krause. It's entirely just a long winded thing where I just talk about how he is. He is a person--a *male* person. He is definitely not someone to mess with because he is going to go places. Places you can't even see. Places your mind can't even see. Like, you try to imagine it, but your brain gives you a 404 error. That's right, like a computer, which your brain can't even process. Good luck getting anywhere near where this kid is going to go. This has become a stream of consciousness thing, and I'm totally okay with that. I mean...it's just a temporary thing right?",
	"ryan_personality":["Ryan 1", "Ryan 2", "Ryan 3", "Ryan 4", "Ryan 5", "Ryan 6"],
	
	"mario_bio":"This is a bio for Mario Mario. It's entirely just a long winded thing where I just talk about how he is. He is a person--a *male* person. He is definitely not someone to mess with because he is going to go places. Places you can't even see. Places your mind can't even see. Like, you try to imagine it, but your brain gives you a 404 error. That's right, like a computer, which your brain can't even process. Good luck getting anywhere near where this kid is going to go. This has become a stream of consciousness thing, and I'm totally okay with that. I mean...it's just a temporary thing right?",
	"mario_personality":["Mario 1", "Mario 2", "Mario 3", "Mario 4", "Mario 5", "Mario 6"]
}