{
	"jacob_0":"This is a description for Jacob's first gift.",
	"jacob_1":"This is a description for Jacob's second gift.",
	"jacob_2":"This is a description for Jacob's third gift.",
	"jacob_3":"This is a description for Jacob's fourth gift.",
	"jacob_4":"This is a description for Jacob's fifth gift.",
	
	"cole_0":"This is a description for Cole's first gift.",
	"cole_1":"This is a description for Cole's second gift.",
	"cole_2":"This is a description for Cole's third gift.",
	"cole_3":"This is a description for Cole's fourth gift.",
	"cole_4":"This is a description for Cole's fifth gift.",
	
	"isabel_0":"This is a description for Isabel's first gift.",
	"isabel_1":"This is a description for Isabel's second gift.",
	"isabel_2":"This is a description for Isabel's third gift.",
	"isabel_3":"This is a description for Isabel's fourth gift.",
	"isabel_4":"This is a description for Isabel's fifth gift.",
	
	"veronica_0":"This is a description for Veronica's first gift.",
	"veronica_1":"This is a description for Veronica's second gift.",
	"veronica_2":"This is a description for Veronica's third gift.",
	"veronica_3":"This is a description for Veronica's fourth gift.",
	"veronica_4":"This is a description for Veronica's fifth gift.",
	
	"ryan_0":"This is a description for Ryan's first gift.",
	"ryan_1":"This is a description for Ryan's second gift.",
	"ryan_2":"This is a description for Ryan's third gift.",
	"ryan_3":"This is a description for Ryan's fourth gift.",
	"ryan_4":"This is a description for Ryan's fifth gift.",
	
	"mario_0":"This is a description for Mario's first gift.",
	"mario_1":"This is a description for Mario's second gift.",
	"mario_2":"This is a description for Mario's third gift.",
	"mario_3":"This is a description for Mario's fourth gift.",
	"mario_4":"This is a description for Mario's fifth gift."
}